BehaviorSpace results (NetLogo 5.3.1),,,,,,,,,,,,,,,,,,,,,,,,,,,,,,,,,,,,,,,,,,,,,,,,,,,,,,,,,,,,,,,,,,,,,,,,,,,,,,,,,,,,,,,,,,,,,,,,,,,,,,,,,,,,,,,,,,,,,,,,,,,,,,,,,,,,,,,,,,,,,,,,,,,,,,,,,,,,,,,,,,,,,,,,,,,,,,,,,,,,,,,,,,,,,,,,,,,,,,,,,,,,,,,,,,,,,,,,,,,,,,,,,,,,,,,,,,,,,,,,,,,,,,,,,,,,,,,,,,,,,,,,,,,,,,,,,,,,,,,,,,,,,,,,,,,,,,,,,,,,,,,,,,,,,,,,,,,,,,,,,,,,,,,,,,,,,,,,,,,,,,,,,,,,,,,,,,,,,,,,,,,,,,,,,,,,,,,,,,,,,,,,,,,,,,,,,,,,,,,,,,,,,,,,,,,,,,,,,,,,
Model-nagel-schreckenberg.nlogo,,,,,,,,,,,,,,,,,,,,,,,,,,,,,,,,,,,,,,,,,,,,,,,,,,,,,,,,,,,,,,,,,,,,,,,,,,,,,,,,,,,,,,,,,,,,,,,,,,,,,,,,,,,,,,,,,,,,,,,,,,,,,,,,,,,,,,,,,,,,,,,,,,,,,,,,,,,,,,,,,,,,,,,,,,,,,,,,,,,,,,,,,,,,,,,,,,,,,,,,,,,,,,,,,,,,,,,,,,,,,,,,,,,,,,,,,,,,,,,,,,,,,,,,,,,,,,,,,,,,,,,,,,,,,,,,,,,,,,,,,,,,,,,,,,,,,,,,,,,,,,,,,,,,,,,,,,,,,,,,,,,,,,,,,,,,,,,,,,,,,,,,,,,,,,,,,,,,,,,,,,,,,,,,,,,,,,,,,,,,,,,,,,,,,,,,,,,,,,,,,,,,,,,,,,,,,,,,,,,,
1 Phase Transition,,,,,,,,,,,,,,,,,,,,,,,,,,,,,,,,,,,,,,,,,,,,,,,,,,,,,,,,,,,,,,,,,,,,,,,,,,,,,,,,,,,,,,,,,,,,,,,,,,,,,,,,,,,,,,,,,,,,,,,,,,,,,,,,,,,,,,,,,,,,,,,,,,,,,,,,,,,,,,,,,,,,,,,,,,,,,,,,,,,,,,,,,,,,,,,,,,,,,,,,,,,,,,,,,,,,,,,,,,,,,,,,,,,,,,,,,,,,,,,,,,,,,,,,,,,,,,,,,,,,,,,,,,,,,,,,,,,,,,,,,,,,,,,,,,,,,,,,,,,,,,,,,,,,,,,,,,,,,,,,,,,,,,,,,,,,,,,,,,,,,,,,,,,,,,,,,,,,,,,,,,,,,,,,,,,,,,,,,,,,,,,,,,,,,,,,,,,,,,,,,,,,,,,,,,,,,,,,,,,,
10/21/2016 12:11:02:174 +0200,,,,,,,,,,,,,,,,,,,,,,,,,,,,,,,,,,,,,,,,,,,,,,,,,,,,,,,,,,,,,,,,,,,,,,,,,,,,,,,,,,,,,,,,,,,,,,,,,,,,,,,,,,,,,,,,,,,,,,,,,,,,,,,,,,,,,,,,,,,,,,,,,,,,,,,,,,,,,,,,,,,,,,,,,,,,,,,,,,,,,,,,,,,,,,,,,,,,,,,,,,,,,,,,,,,,,,,,,,,,,,,,,,,,,,,,,,,,,,,,,,,,,,,,,,,,,,,,,,,,,,,,,,,,,,,,,,,,,,,,,,,,,,,,,,,,,,,,,,,,,,,,,,,,,,,,,,,,,,,,,,,,,,,,,,,,,,,,,,,,,,,,,,,,,,,,,,,,,,,,,,,,,,,,,,,,,,,,,,,,,,,,,,,,,,,,,,,,,,,,,,,,,,,,,,,,,,,,,,,,
min-pxcor,max-pxcor,min-pycor,max-pycor,,,,,,,,,,,,,,,,,,,,,,,,,,,,,,,,,,,,,,,,,,,,,,,,,,,,,,,,,,,,,,,,,,,,,,,,,,,,,,,,,,,,,,,,,,,,,,,,,,,,,,,,,,,,,,,,,,,,,,,,,,,,,,,,,,,,,,,,,,,,,,,,,,,,,,,,,,,,,,,,,,,,,,,,,,,,,,,,,,,,,,,,,,,,,,,,,,,,,,,,,,,,,,,,,,,,,,,,,,,,,,,,,,,,,,,,,,,,,,,,,,,,,,,,,,,,,,,,,,,,,,,,,,,,,,,,,,,,,,,,,,,,,,,,,,,,,,,,,,,,,,,,,,,,,,,,,,,,,,,,,,,,,,,,,,,,,,,,,,,,,,,,,,,,,,,,,,,,,,,,,,,,,,,,,,,,,,,,,,,,,,,,,,,,,,,,,,,,,,,,,,,,,,,,,,,,,,,,,
0,100,0,0,,,,,,,,,,,,,,,,,,,,,,,,,,,,,,,,,,,,,,,,,,,,,,,,,,,,,,,,,,,,,,,,,,,,,,,,,,,,,,,,,,,,,,,,,,,,,,,,,,,,,,,,,,,,,,,,,,,,,,,,,,,,,,,,,,,,,,,,,,,,,,,,,,,,,,,,,,,,,,,,,,,,,,,,,,,,,,,,,,,,,,,,,,,,,,,,,,,,,,,,,,,,,,,,,,,,,,,,,,,,,,,,,,,,,,,,,,,,,,,,,,,,,,,,,,,,,,,,,,,,,,,,,,,,,,,,,,,,,,,,,,,,,,,,,,,,,,,,,,,,,,,,,,,,,,,,,,,,,,,,,,,,,,,,,,,,,,,,,,,,,,,,,,,,,,,,,,,,,,,,,,,,,,,,,,,,,,,,,,,,,,,,,,,,,,,,,,,,,,,,,,,,,,,,,,,,,,,,,
[run number],1,2,3,4,5,6,7,8,9,10,11,12,13,14,15,16,17,18,19,20,21,22,23,24,25,26,27,28,29,30,31,32,33,34,35,36,37,38,39,40,41,42,43,44,45,46,47,48,49,50,51,52,53,54,55,56,57,58,59,60,61,62,63,64,65,66,67,68,69,70,71,72,73,74,75,76,77,78,79,80,81,82,83,84,85,86,87,88,89,90,91,92,93,94,95,96,97,98,99,100,101,102,103,104,105,106,107,108,109,110,111,112,113,114,115,116,117,118,119,120,121,122,123,124,125,126,127,128,129,130,131,132,133,134,135,136,137,138,139,140,141,142,143,144,145,146,147,148,149,150,151,152,153,154,155,156,157,158,159,160,161,162,163,164,165,166,167,168,169,170,171,172,173,174,175,176,177,178,179,180,181,182,183,184,185,186,187,188,189,190,191,192,193,194,195,196,197,198,199,200,201,202,203,204,205,206,207,208,209,210,211,212,213,214,215,216,217,218,219,220,221,222,223,224,225,226,227,228,229,230,231,232,233,234,235,236,237,238,239,240,241,242,243,244,245,246,247,248,249,250,251,252,253,254,255,256,257,258,259,260,261,262,263,264,265,266,267,268,269,270,271,272,273,274,275,276,277,278,279,280,281,282,283,284,285,286,287,288,289,290,291,292,293,294,295,296,297,298,299,300,301,302,303,304,305,306,307,308,309,310,311,312,313,314,315,316,317,318,319,320,321,322,323,324,325,326,327,328,329,330,331,332,333,334,335,336,337,338,339,340,341,342,343,344,345,346,347,348,349,350,351,352,353,354,355,356,357,358,359,360,361,362,363,364,365,366,367,368,369,370,371,372,373,374,375,376,377,378,379,380,381,382,383,384,385,386,387,388,389,390,391,392,393,394,395,396,397,398,399,400,401,402,403,404,405,406,407,408,409,410,411,412,413,414,415,416,417,418,419,420
p,0,0,0,0,0,0,0,0,0,0,0,0,0,0,0,0,0,0,0,0,0,0,0,0,0,0,0,0,0,0,0,0,0,0,0,0,0,0,0,0,0,0,0,0,0,0,0,0,0,0,0,0,0,0,0,0,0,0,0,0,0,0,0,0,0,0,0,0,0,0,0,0,0,0,0,0,0,0,0,0,0,0,0,0,0,0,0,0,0,0,0,0,0,0,0,0,0,0,0,0,0,0,0,0,0,0,0,0,0,0,0,0,0,0,0,0,0,0,0,0,0,0,0,0,0,0,0,0,0,0,0,0,0,0,0,0,0,0,0,0,0,0,0,0,0,0,0,0,0,0,0,0,0,0,0,0,0,0,0,0,0,0,0,0,0,0,0,0,0,0,0,0,0,0,0,0,0,0,0,0,0,0,0,0,0,0,0,0,0,0,0,0,0,0,0,0,0,0,0,0,0,0,0,0,0,0,0,0,0,0,0,0,0,0,0,0,0,0,0,0,0,0,0,0,0,0,0,0,0,0,0,0,0,0,0,0,0,0,0,0,0,0,0,0,0,0,0,0,0,0,0,0,0,0,0,0,0,0,0,0,0,0,0,0,0,0,0,0,0,0,0,0,0,0,0,0,0,0,0,0,0,0,0,0,0,0,0,0,0,0,0,0,0,0,0,0,0,0,0,0,0,0,0,0,0,0,0,0,0,0,0,0,0,0,0,0,0,0,0,0,0,0,0,0,0,0,0,0,0,0,0,0,0,0,0,0,0,0,0,0,0,0,0,0,0,0,0,0,0,0,0,0,0,0,0,0,0,0,0,0,0,0,0,0,0,0,0,0,0,0,0,0,0,0,0,0,0,0,0,0,0,0,0,0,0,0,0,0,0,0,0,0,0,0,0,0,0,0,0,0,0,0,0,0,0,0,0,0,0,0,0,0,0,0,0,0,0,0,0,0
density,0,0,0,0,0,0,0,0,0,0,0,0,0,0,0,0,0,0,0,0,0.05,0.05,0.05,0.05,0.05,0.05,0.05,0.05,0.05,0.05,0.05,0.05,0.05,0.05,0.05,0.05,0.05,0.05,0.05,0.05,0.1,0.1,0.1,0.1,0.1,0.1,0.1,0.1,0.1,0.1,0.1,0.1,0.1,0.1,0.1,0.1,0.1,0.1,0.1,0.1,0.15,0.15,0.15,0.15,0.15,0.15,0.15,0.15,0.15,0.15,0.15,0.15,0.15,0.15,0.15,0.15,0.15,0.15,0.15,0.15,0.2,0.2,0.2,0.2,0.2,0.2,0.2,0.2,0.2,0.2,0.2,0.2,0.2,0.2,0.2,0.2,0.2,0.2,0.2,0.2,0.25,0.25,0.25,0.25,0.25,0.25,0.25,0.25,0.25,0.25,0.25,0.25,0.25,0.25,0.25,0.25,0.25,0.25,0.25,0.25,0.3,0.3,0.3,0.3,0.3,0.3,0.3,0.3,0.3,0.3,0.3,0.3,0.3,0.3,0.3,0.3,0.3,0.3,0.3,0.3,0.35,0.35,0.35,0.35,0.35,0.35,0.35,0.35,0.35,0.35,0.35,0.35,0.35,0.35,0.35,0.35,0.35,0.35,0.35,0.35,0.4,0.4,0.4,0.4,0.4,0.4,0.4,0.4,0.4,0.4,0.4,0.4,0.4,0.4,0.4,0.4,0.4,0.4,0.4,0.4,0.45,0.45,0.45,0.45,0.45,0.45,0.45,0.45,0.45,0.45,0.45,0.45,0.45,0.45,0.45,0.45,0.45,0.45,0.45,0.45,0.5,0.5,0.5,0.5,0.5,0.5,0.5,0.5,0.5,0.5,0.5,0.5,0.5,0.5,0.5,0.5,0.5,0.5,0.5,0.5,0.55,0.55,0.55,0.55,0.55,0.55,0.55,0.55,0.55,0.55,0.55,0.55,0.55,0.55,0.55,0.55,0.55,0.55,0.55,0.55,0.6,0.6,0.6,0.6,0.6,0.6,0.6,0.6,0.6,0.6,0.6,0.6,0.6,0.6,0.6,0.6,0.6,0.6,0.6,0.6,0.65,0.65,0.65,0.65,0.65,0.65,0.65,0.65,0.65,0.65,0.65,0.65,0.65,0.65,0.65,0.65,0.65,0.65,0.65,0.65,0.7,0.7,0.7,0.7,0.7,0.7,0.7,0.7,0.7,0.7,0.7,0.7,0.7,0.7,0.7,0.7,0.7,0.7,0.7,0.7,0.75,0.75,0.75,0.75,0.75,0.75,0.75,0.75,0.75,0.75,0.75,0.75,0.75,0.75,0.75,0.75,0.75,0.75,0.75,0.75,0.8,0.8,0.8,0.8,0.8,0.8,0.8,0.8,0.8,0.8,0.8,0.8,0.8,0.8,0.8,0.8,0.8,0.8,0.8,0.8,0.85,0.85,0.85,0.85,0.85,0.85,0.85,0.85,0.85,0.85,0.85,0.85,0.85,0.85,0.85,0.85,0.85,0.85,0.85,0.85,0.9,0.9,0.9,0.9,0.9,0.9,0.9,0.9,0.9,0.9,0.9,0.9,0.9,0.9,0.9,0.9,0.9,0.9,0.9,0.9,0.95,0.95,0.95,0.95,0.95,0.95,0.95,0.95,0.95,0.95,0.95,0.95,0.95,0.95,0.95,0.95,0.95,0.95,0.95,0.95,1,1,1,1,1,1,1,1,1,1,1,1,1,1,1,1,1,1,1,1
world-width,101,101,101,101,101,101,101,101,101,101,101,101,101,101,101,101,101,101,101,101,101,101,101,101,101,101,101,101,101,101,101,101,101,101,101,101,101,101,101,101,101,101,101,101,101,101,101,101,101,101,101,101,101,101,101,101,101,101,101,101,101,101,101,101,101,101,101,101,101,101,101,101,101,101,101,101,101,101,101,101,101,101,101,101,101,101,101,101,101,101,101,101,101,101,101,101,101,101,101,101,101,101,101,101,101,101,101,101,101,101,101,101,101,101,101,101,101,101,101,101,101,101,101,101,101,101,101,101,101,101,101,101,101,101,101,101,101,101,101,101,101,101,101,101,101,101,101,101,101,101,101,101,101,101,101,101,101,101,101,101,101,101,101,101,101,101,101,101,101,101,101,101,101,101,101,101,101,101,101,101,101,101,101,101,101,101,101,101,101,101,101,101,101,101,101,101,101,101,101,101,101,101,101,101,101,101,101,101,101,101,101,101,101,101,101,101,101,101,101,101,101,101,101,101,101,101,101,101,101,101,101,101,101,101,101,101,101,101,101,101,101,101,101,101,101,101,101,101,101,101,101,101,101,101,101,101,101,101,101,101,101,101,101,101,101,101,101,101,101,101,101,101,101,101,101,101,101,101,101,101,101,101,101,101,101,101,101,101,101,101,101,101,101,101,101,101,101,101,101,101,101,101,101,101,101,101,101,101,101,101,101,101,101,101,101,101,101,101,101,101,101,101,101,101,101,101,101,101,101,101,101,101,101,101,101,101,101,101,101,101,101,101,101,101,101,101,101,101,101,101,101,101,101,101,101,101,101,101,101,101,101,101,101,101,101,101,101,101,101,101,101,101,101,101,101,101,101,101,101,101,101,101,101,101,101,101,101,101,101,101,101,101,101,101,101,101,101,101,101,101,101,101,101,101,101,101,101,101,101,101,101,101,101,101,101,101,101,101,101,101
[steps],2001,2001,2001,2001,2001,2001,2001,2001,2001,2001,2001,2001,2001,2001,2001,2001,2001,2001,2001,2001,2001,2001,2001,2001,2001,2001,2001,2001,2001,2001,2001,2001,2001,2001,2001,2001,2001,2001,2001,2001,2001,2001,2001,2001,2001,2001,2001,2001,2001,2001,2001,2001,2001,2001,2001,2001,2001,2001,2001,2001,2001,2001,2001,2001,2001,2001,2001,2001,2001,2001,2001,2001,2001,2001,2001,2001,2001,2001,2001,2001,2001,2001,2001,2001,2001,2001,2001,2001,2001,2001,2001,2001,2001,2001,2001,2001,2001,2001,2001,2001,2001,2001,2001,2001,2001,2001,2001,2001,2001,2001,2001,2001,2001,2001,2001,2001,2001,2001,2001,2001,2001,2001,2001,2001,2001,2001,2001,2001,2001,2001,2001,2001,2001,2001,2001,2001,2001,2001,2001,2001,2001,2001,2001,2001,2001,2001,2001,2001,2001,2001,2001,2001,2001,2001,2001,2001,2001,2001,2001,2001,2001,2001,2001,2001,2001,2001,2001,2001,2001,2001,2001,2001,2001,2001,2001,2001,2001,2001,2001,2001,2001,2001,2001,2001,2001,2001,2001,2001,2001,2001,2001,2001,2001,2001,2001,2001,2001,2001,2001,2001,2001,2001,2001,2001,2001,2001,2001,2001,2001,2001,2001,2001,2001,2001,2001,2001,2001,2001,2001,2001,2001,2001,2001,2001,2001,2001,2001,2001,2001,2001,2001,2001,2001,2001,2001,2001,2001,2001,2001,2001,2001,2001,2001,2001,2001,2001,2001,2001,2001,2001,2001,2001,2001,2001,2001,2001,2001,2001,2001,2001,2001,2001,2001,2001,2001,2001,2001,2001,2001,2001,2001,2001,2001,2001,2001,2001,2001,2001,2001,2001,2001,2001,2001,2001,2001,2001,2001,2001,2001,2001,2001,2001,2001,2001,2001,2001,2001,2001,2001,2001,2001,2001,2001,2001,2001,2001,2001,2001,2001,2001,2001,2001,2001,2001,2001,2001,2001,2001,2001,2001,2001,2001,2001,2001,2001,2001,2001,2001,2001,2001,2001,2001,2001,2001,2001,2001,2001,2001,2001,2001,2001,2001,2001,2001,2001,2001,2001,2001,2001,2001,2001,2001,2001,2001,2001,2001,2001,2001,2001,2001,2001,2001,2001,2001,2001,2001,2001,2001,2001,2001,2001,2001,2001,2001,2001,2001,2001,2001,2001,2001,2001,2001,2001,2001,2001,2001,2001,2001,2001,2001,2001,2001,2001,2001,2001,2001,2001,2001,2001,2001,2001,2001,2001,2001,2001,2001,2001,2001,2001,2001,2001,2001,2001,2001,2001,2001,2001,2001,2001,2001
,,,,,,,,,,,,,,,,,,,,,,,,,,,,,,,,,,,,,,,,,,,,,,,,,,,,,,,,,,,,,,,,,,,,,,,,,,,,,,,,,,,,,,,,,,,,,,,,,,,,,,,,,,,,,,,,,,,,,,,,,,,,,,,,,,,,,,,,,,,,,,,,,,,,,,,,,,,,,,,,,,,,,,,,,,,,,,,,,,,,,,,,,,,,,,,,,,,,,,,,,,,,,,,,,,,,,,,,,,,,,,,,,,,,,,,,,,,,,,,,,,,,,,,,,,,,,,,,,,,,,,,,,,,,,,,,,,,,,,,,,,,,,,,,,,,,,,,,,,,,,,,,,,,,,,,,,,,,,,,,,,,,,,,,,,,,,,,,,,,,,,,,,,,,,,,,,,,,,,,,,,,,,,,,,,,,,,,,,,,,,,,,,,,,,,,,,,,,,,,,,,,,,,,,,,,,,,,,,,,,
[initial & final values],mean-flowrate,mean-flowrate,mean-flowrate,mean-flowrate,mean-flowrate,mean-flowrate,mean-flowrate,mean-flowrate,mean-flowrate,mean-flowrate,mean-flowrate,mean-flowrate,mean-flowrate,mean-flowrate,mean-flowrate,mean-flowrate,mean-flowrate,mean-flowrate,mean-flowrate,mean-flowrate,mean-flowrate,mean-flowrate,mean-flowrate,mean-flowrate,mean-flowrate,mean-flowrate,mean-flowrate,mean-flowrate,mean-flowrate,mean-flowrate,mean-flowrate,mean-flowrate,mean-flowrate,mean-flowrate,mean-flowrate,mean-flowrate,mean-flowrate,mean-flowrate,mean-flowrate,mean-flowrate,mean-flowrate,mean-flowrate,mean-flowrate,mean-flowrate,mean-flowrate,mean-flowrate,mean-flowrate,mean-flowrate,mean-flowrate,mean-flowrate,mean-flowrate,mean-flowrate,mean-flowrate,mean-flowrate,mean-flowrate,mean-flowrate,mean-flowrate,mean-flowrate,mean-flowrate,mean-flowrate,mean-flowrate,mean-flowrate,mean-flowrate,mean-flowrate,mean-flowrate,mean-flowrate,mean-flowrate,mean-flowrate,mean-flowrate,mean-flowrate,mean-flowrate,mean-flowrate,mean-flowrate,mean-flowrate,mean-flowrate,mean-flowrate,mean-flowrate,mean-flowrate,mean-flowrate,mean-flowrate,mean-flowrate,mean-flowrate,mean-flowrate,mean-flowrate,mean-flowrate,mean-flowrate,mean-flowrate,mean-flowrate,mean-flowrate,mean-flowrate,mean-flowrate,mean-flowrate,mean-flowrate,mean-flowrate,mean-flowrate,mean-flowrate,mean-flowrate,mean-flowrate,mean-flowrate,mean-flowrate,mean-flowrate,mean-flowrate,mean-flowrate,mean-flowrate,mean-flowrate,mean-flowrate,mean-flowrate,mean-flowrate,mean-flowrate,mean-flowrate,mean-flowrate,mean-flowrate,mean-flowrate,mean-flowrate,mean-flowrate,mean-flowrate,mean-flowrate,mean-flowrate,mean-flowrate,mean-flowrate,mean-flowrate,mean-flowrate,mean-flowrate,mean-flowrate,mean-flowrate,mean-flowrate,mean-flowrate,mean-flowrate,mean-flowrate,mean-flowrate,mean-flowrate,mean-flowrate,mean-flowrate,mean-flowrate,mean-flowrate,mean-flowrate,mean-flowrate,mean-flowrate,mean-flowrate,mean-flowrate,mean-flowrate,mean-flowrate,mean-flowrate,mean-flowrate,mean-flowrate,mean-flowrate,mean-flowrate,mean-flowrate,mean-flowrate,mean-flowrate,mean-flowrate,mean-flowrate,mean-flowrate,mean-flowrate,mean-flowrate,mean-flowrate,mean-flowrate,mean-flowrate,mean-flowrate,mean-flowrate,mean-flowrate,mean-flowrate,mean-flowrate,mean-flowrate,mean-flowrate,mean-flowrate,mean-flowrate,mean-flowrate,mean-flowrate,mean-flowrate,mean-flowrate,mean-flowrate,mean-flowrate,mean-flowrate,mean-flowrate,mean-flowrate,mean-flowrate,mean-flowrate,mean-flowrate,mean-flowrate,mean-flowrate,mean-flowrate,mean-flowrate,mean-flowrate,mean-flowrate,mean-flowrate,mean-flowrate,mean-flowrate,mean-flowrate,mean-flowrate,mean-flowrate,mean-flowrate,mean-flowrate,mean-flowrate,mean-flowrate,mean-flowrate,mean-flowrate,mean-flowrate,mean-flowrate,mean-flowrate,mean-flowrate,mean-flowrate,mean-flowrate,mean-flowrate,mean-flowrate,mean-flowrate,mean-flowrate,mean-flowrate,mean-flowrate,mean-flowrate,mean-flowrate,mean-flowrate,mean-flowrate,mean-flowrate,mean-flowrate,mean-flowrate,mean-flowrate,mean-flowrate,mean-flowrate,mean-flowrate,mean-flowrate,mean-flowrate,mean-flowrate,mean-flowrate,mean-flowrate,mean-flowrate,mean-flowrate,mean-flowrate,mean-flowrate,mean-flowrate,mean-flowrate,mean-flowrate,mean-flowrate,mean-flowrate,mean-flowrate,mean-flowrate,mean-flowrate,mean-flowrate,mean-flowrate,mean-flowrate,mean-flowrate,mean-flowrate,mean-flowrate,mean-flowrate,mean-flowrate,mean-flowrate,mean-flowrate,mean-flowrate,mean-flowrate,mean-flowrate,mean-flowrate,mean-flowrate,mean-flowrate,mean-flowrate,mean-flowrate,mean-flowrate,mean-flowrate,mean-flowrate,mean-flowrate,mean-flowrate,mean-flowrate,mean-flowrate,mean-flowrate,mean-flowrate,mean-flowrate,mean-flowrate,mean-flowrate,mean-flowrate,mean-flowrate,mean-flowrate,mean-flowrate,mean-flowrate,mean-flowrate,mean-flowrate,mean-flowrate,mean-flowrate,mean-flowrate,mean-flowrate,mean-flowrate,mean-flowrate,mean-flowrate,mean-flowrate,mean-flowrate,mean-flowrate,mean-flowrate,mean-flowrate,mean-flowrate,mean-flowrate,mean-flowrate,mean-flowrate,mean-flowrate,mean-flowrate,mean-flowrate,mean-flowrate,mean-flowrate,mean-flowrate,mean-flowrate,mean-flowrate,mean-flowrate,mean-flowrate,mean-flowrate,mean-flowrate,mean-flowrate,mean-flowrate,mean-flowrate,mean-flowrate,mean-flowrate,mean-flowrate,mean-flowrate,mean-flowrate,mean-flowrate,mean-flowrate,mean-flowrate,mean-flowrate,mean-flowrate,mean-flowrate,mean-flowrate,mean-flowrate,mean-flowrate,mean-flowrate,mean-flowrate,mean-flowrate,mean-flowrate,mean-flowrate,mean-flowrate,mean-flowrate,mean-flowrate,mean-flowrate,mean-flowrate,mean-flowrate,mean-flowrate,mean-flowrate,mean-flowrate,mean-flowrate,mean-flowrate,mean-flowrate,mean-flowrate,mean-flowrate,mean-flowrate,mean-flowrate,mean-flowrate,mean-flowrate,mean-flowrate,mean-flowrate,mean-flowrate,mean-flowrate,mean-flowrate,mean-flowrate,mean-flowrate,mean-flowrate,mean-flowrate,mean-flowrate,mean-flowrate,mean-flowrate,mean-flowrate,mean-flowrate,mean-flowrate,mean-flowrate,mean-flowrate,mean-flowrate,mean-flowrate,mean-flowrate,mean-flowrate,mean-flowrate,mean-flowrate,mean-flowrate,mean-flowrate,mean-flowrate,mean-flowrate,mean-flowrate,mean-flowrate,mean-flowrate,mean-flowrate,mean-flowrate,mean-flowrate,mean-flowrate,mean-flowrate,mean-flowrate,mean-flowrate,mean-flowrate,mean-flowrate,mean-flowrate,mean-flowrate,mean-flowrate,mean-flowrate,mean-flowrate,mean-flowrate,mean-flowrate,mean-flowrate,mean-flowrate,mean-flowrate,mean-flowrate,mean-flowrate,mean-flowrate,mean-flowrate,mean-flowrate,mean-flowrate,mean-flowrate,mean-flowrate,mean-flowrate,mean-flowrate,mean-flowrate,mean-flowrate,mean-flowrate,mean-flowrate,mean-flowrate,mean-flowrate,mean-flowrate,mean-flowrate,mean-flowrate,mean-flowrate,mean-flowrate,mean-flowrate,mean-flowrate,mean-flowrate,mean-flowrate,mean-flowrate,mean-flowrate,mean-flowrate,mean-flowrate
,0,0,0,0,0,0,0,0,0,0,0,0,0,0,0,0,0,0,0,0,14.9890055,14.9890055,14.99250375,14.98950525,14.99150425,14.99250375,14.99250375,14.9910045,14.99250375,14.99250375,14.992004,14.99250375,14.99250375,14.99250375,14.99250375,14.9910045,14.99250375,14.98950525,14.99250375,14.9910045,29.984008,29.9830085,29.98150925,29.98250875,29.984008,29.98450775,29.98050975,29.982009,29.98150925,29.98050975,29.984008,29.98250875,29.984008,29.9850075,29.97651174,29.98250875,29.98050975,29.9830085,29.984008,29.98150925,44.96701649,44.95752124,44.96901549,44.97701149,44.97401299,44.95952024,44.97001499,44.95102449,44.94552724,44.97151424,44.96851574,44.96701649,44.96851574,44.95902049,44.96551724,44.97501249,44.95252374,44.96701649,44.97601199,44.96251874,59.94352824,59.93703148,59.93953023,59.95402299,59.95102449,59.92903548,59.91604198,59.94202899,59.87606197,59.92953523,59.92953523,59.94252874,59.93653173,59.94652674,59.94052974,59.94302849,59.88705647,59.90754623,59.94552724,59.92003998,74.87106447,74.82708646,74.88755622,74.87856072,74.87506247,74.90354823,74.86606697,74.88955522,74.86356822,74.87956022,74.84907546,74.87406297,74.88355822,74.88105947,74.90354823,74.90704648,74.83458271,74.84807596,74.82758621,74.91254373,70.91004498,70.94502749,70.92553723,70.89405297,70.94852574,70.93203398,70.94102949,70.92303848,70.91254373,70.94002999,70.88855572,70.91554223,70.90904548,70.94752624,70.93703148,70.92553723,70.92603698,70.95102449,70.93103448,70.90854573,65.95352324,65.94552724,65.95302349,65.94502749,65.95002499,65.93703148,65.95102449,65.95702149,65.97101449,65.93603198,65.95802099,65.95702149,65.95202399,65.96551724,65.95402299,65.96451774,65.95352324,65.95302349,65.95102449,65.94552724,60.96801599,60.96751624,60.94752624,60.93303348,60.97051474,60.97001499,60.97551224,60.96651674,60.97151424,60.97351324,60.96501749,60.96951524,60.94452774,60.97101449,60.96851574,60.97251374,60.95652174,60.96851574,60.95102449,60.97151424,55.97351324,55.97401299,55.982009,55.97851074,55.97801099,55.96551724,55.97701149,55.98550725,55.97351324,55.97651174,55.97501249,55.98150925,55.97801099,55.97051474,55.97351324,55.97951024,55.97601199,55.98350825,55.97301349,55.95852074,50.98250875,50.97651174,50.98001,50.986007,50.97501249,50.98350825,50.98550725,50.97951024,50.97901049,50.98450775,50.984008,50.97951024,50.982009,50.97901049,50.984008,50.9850075,50.984008,50.98550725,50.98150925,50.982009,45.9810095,45.988006,45.992004,45.98350825,45.97601199,45.986007,45.98950525,45.98550725,45.9850075,45.97751124,45.9850075,45.98950525,45.990005,45.98650675,45.98750625,45.9850075,45.9850075,45.98450775,45.98450775,45.9870065,40.9910045,40.98850575,40.99050475,40.9850075,40.9910045,40.9890055,40.988006,40.988006,40.98850575,40.98850575,40.99150425,40.996002,40.992004,40.992004,40.9910045,40.9850075,40.9890055,40.9950025,40.98950525,40.98850575,35.99150425,35.99050475,35.99350325,35.99050475,35.99450275,35.99050475,35.9950025,35.992004,35.99150425,35.99250375,35.992004,35.99150425,35.9930035,35.990005,35.98950525,35.9910045,35.99150425,35.99550225,35.9930035,35.99350325,30.9950025,30.99650175,30.99350325,30.99550225,30.9950025,30.99650175,30.99350325,30.996002,30.996002,30.9930035,30.99650175,30.99550225,30.996002,30.99550225,30.99550225,30.992004,30.994003,30.99450275,30.99750125,30.9930035,25.99450275,25.99350325,25.9950025,25.996002,25.99850075,25.99450275,25.9970015,25.9970015,25.9970015,25.996002,25.998001,25.996002,25.99650175,25.996002,25.99750125,25.9970015,25.99850075,25.9950025,25.99650175,25.99650175,20.9990005,20.99850075,20.99950025,20.99750125,20.99650175,20.99850075,20.99850075,20.9990005,20.99750125,20.9990005,20.996002,20.9990005,20.99750125,20.99650175,20.998001,20.99850075,20.9990005,20.99650175,20.9970015,20.99850075,15.99850075,15.9990005,15.99950025,15.99850075,15.99850075,15.99950025,15.99950025,15.99950025,15.99950025,15.9990005,15.99850075,15.9990005,15.99850075,15.99950025,15.99950025,15.9990005,15.9990005,15.9990005,15.9990005,15.99850075,11,10.99950025,10.99950025,11,10.9990005,10.99850075,10.99950025,10.99950025,11,10.9990005,11,11,10.9990005,10.9990005,11,11,11,10.99850075,10.9990005,10.99950025,6,5.99950025,6,5.9990005,6,5.99950025,5.99950025,6,6,6,6,6,5.99950025,6,6,6,6,6,5.99950025,5.99950025,0,0,0,0,0,0,0,0,0,0,0,0,0,0,0,0,0,0,0,0
